{"file":"flag.png","frames":{
"flag_002":{"x":477,"y":1,"w":233,"h":170,"offX":0,"offY":0,"sourceW":238,"sourceH":170},
"flag_003":{"x":712,"y":1,"w":231,"h":170,"offX":0,"offY":0,"sourceW":238,"sourceH":170},
"flag_004":{"x":241,"y":1,"w":234,"h":170,"offX":0,"offY":0,"sourceW":238,"sourceH":170},
"flag_005":{"x":1,"y":1,"w":238,"h":170,"offX":0,"offY":0,"sourceW":238,"sourceH":170},
"flag_000":{"x":241,"y":173,"w":234,"h":170,"offX":0,"offY":0,"sourceW":238,"sourceH":170},
"flag_001":{"x":1,"y":173,"w":238,"h":170,"offX":0,"offY":0,"sourceW":238,"sourceH":170}}}