{"file":"cloud-R.png","frames":{
"cloud-R_000":{"x":168,"y":1,"w":165,"h":98,"offX":150,"offY":0,"sourceW":315,"sourceH":98},
"cloud-R_001":{"x":168,"y":1,"w":165,"h":98,"offX":150,"offY":0,"sourceW":315,"sourceH":98},
"cloud-R_002":{"x":168,"y":1,"w":165,"h":98,"offX":150,"offY":0,"sourceW":315,"sourceH":98},
"cloud-R_003":{"x":1,"y":101,"w":165,"h":98,"offX":120,"offY":0,"sourceW":315,"sourceH":98},
"cloud-R_004":{"x":1,"y":101,"w":165,"h":98,"offX":120,"offY":0,"sourceW":315,"sourceH":98},
"cloud-R_005":{"x":1,"y":101,"w":165,"h":98,"offX":120,"offY":0,"sourceW":315,"sourceH":98},
"cloud-R_006":{"x":1,"y":1,"w":165,"h":98,"offX":80,"offY":0,"sourceW":315,"sourceH":98},
"cloud-R_007":{"x":1,"y":1,"w":165,"h":98,"offX":80,"offY":0,"sourceW":315,"sourceH":98},
"cloud-R_008":{"x":1,"y":1,"w":165,"h":98,"offX":80,"offY":0,"sourceW":315,"sourceH":98},
"cloud-R_009":{"x":168,"y":101,"w":165,"h":98,"offX":40,"offY":0,"sourceW":315,"sourceH":98},
"cloud-R_010":{"x":168,"y":101,"w":165,"h":98,"offX":40,"offY":0,"sourceW":315,"sourceH":98},
"cloud-R_011":{"x":168,"y":101,"w":165,"h":98,"offX":40,"offY":0,"sourceW":315,"sourceH":98},
"cloud-R_012":{"x":335,"y":1,"w":165,"h":98,"offX":0,"offY":0,"sourceW":315,"sourceH":98},
"cloud-R_013":{"x":335,"y":1,"w":165,"h":98,"offX":0,"offY":0,"sourceW":315,"sourceH":98},
"cloud-R_014":{"x":335,"y":1,"w":165,"h":98,"offX":0,"offY":0,"sourceW":315,"sourceH":98},
"cloud-R_015":{"x":168,"y":101,"w":165,"h":98,"offX":40,"offY":0,"sourceW":315,"sourceH":98},
"cloud-R_016":{"x":168,"y":101,"w":165,"h":98,"offX":40,"offY":0,"sourceW":315,"sourceH":98},
"cloud-R_017":{"x":168,"y":101,"w":165,"h":98,"offX":40,"offY":0,"sourceW":315,"sourceH":98},
"cloud-R_018":{"x":1,"y":1,"w":165,"h":98,"offX":80,"offY":0,"sourceW":315,"sourceH":98},
"cloud-R_019":{"x":1,"y":1,"w":165,"h":98,"offX":80,"offY":0,"sourceW":315,"sourceH":98},
"cloud-R_020":{"x":1,"y":1,"w":165,"h":98,"offX":80,"offY":0,"sourceW":315,"sourceH":98},
"cloud-R_021":{"x":1,"y":101,"w":165,"h":98,"offX":120,"offY":0,"sourceW":315,"sourceH":98},
"cloud-R_022":{"x":1,"y":101,"w":165,"h":98,"offX":120,"offY":0,"sourceW":315,"sourceH":98},
"cloud-R_023":{"x":1,"y":101,"w":165,"h":98,"offX":120,"offY":0,"sourceW":315,"sourceH":98}}}