{"file":"flower.png","frames":{
"flower_000":{"x":295,"y":504,"w":145,"h":179,"offX":0,"offY":127,"sourceW":145,"sourceH":306},
"flower_001":{"x":295,"y":504,"w":145,"h":179,"offX":0,"offY":127,"sourceW":145,"sourceH":306},
"flower_002":{"x":295,"y":504,"w":145,"h":179,"offX":0,"offY":127,"sourceW":145,"sourceH":306},
"flower_003":{"x":148,"y":306,"w":145,"h":209,"offX":0,"offY":97,"sourceW":145,"sourceH":306},
"flower_004":{"x":148,"y":306,"w":145,"h":209,"offX":0,"offY":97,"sourceW":145,"sourceH":306},
"flower_005":{"x":148,"y":306,"w":145,"h":209,"offX":0,"offY":97,"sourceW":145,"sourceH":306},
"flower_006":{"x":295,"y":269,"w":145,"h":233,"offX":0,"offY":73,"sourceW":145,"sourceH":306},
"flower_007":{"x":295,"y":269,"w":145,"h":233,"offX":0,"offY":73,"sourceW":145,"sourceH":306},
"flower_008":{"x":295,"y":269,"w":145,"h":233,"offX":0,"offY":73,"sourceW":145,"sourceH":306},
"flower_009":{"x":295,"y":1,"w":145,"h":266,"offX":0,"offY":40,"sourceW":145,"sourceH":306},
"flower_010":{"x":295,"y":1,"w":145,"h":266,"offX":0,"offY":40,"sourceW":145,"sourceH":306},
"flower_011":{"x":295,"y":1,"w":145,"h":266,"offX":0,"offY":40,"sourceW":145,"sourceH":306},
"flower_012":{"x":1,"y":1,"w":145,"h":306,"offX":0,"offY":0,"sourceW":145,"sourceH":306},
"flower_013":{"x":1,"y":1,"w":145,"h":306,"offX":0,"offY":0,"sourceW":145,"sourceH":306},
"flower_014":{"x":1,"y":1,"w":145,"h":306,"offX":0,"offY":0,"sourceW":145,"sourceH":306},
"flower_015":{"x":1,"y":617,"w":145,"h":304,"offX":0,"offY":2,"sourceW":145,"sourceH":306},
"flower_016":{"x":1,"y":617,"w":145,"h":304,"offX":0,"offY":2,"sourceW":145,"sourceH":306},
"flower_017":{"x":1,"y":617,"w":145,"h":304,"offX":0,"offY":2,"sourceW":145,"sourceH":306},
"flower_018":{"x":148,"y":1,"w":145,"h":303,"offX":0,"offY":3,"sourceW":145,"sourceH":306},
"flower_019":{"x":148,"y":1,"w":145,"h":303,"offX":0,"offY":3,"sourceW":145,"sourceH":306},
"flower_020":{"x":148,"y":1,"w":145,"h":303,"offX":0,"offY":3,"sourceW":145,"sourceH":306},
"flower_021":{"x":1,"y":309,"w":145,"h":306,"offX":0,"offY":0,"sourceW":145,"sourceH":306},
"flower_022":{"x":1,"y":309,"w":145,"h":306,"offX":0,"offY":0,"sourceW":145,"sourceH":306},
"flower_023":{"x":1,"y":309,"w":145,"h":306,"offX":0,"offY":0,"sourceW":145,"sourceH":306},
"flower_024":{"x":148,"y":1,"w":145,"h":303,"offX":0,"offY":3,"sourceW":145,"sourceH":306},
"flower_025":{"x":148,"y":1,"w":145,"h":303,"offX":0,"offY":3,"sourceW":145,"sourceH":306},
"flower_026":{"x":148,"y":1,"w":145,"h":303,"offX":0,"offY":3,"sourceW":145,"sourceH":306},
"flower_027":{"x":1,"y":617,"w":145,"h":304,"offX":0,"offY":2,"sourceW":145,"sourceH":306},
"flower_028":{"x":1,"y":617,"w":145,"h":304,"offX":0,"offY":2,"sourceW":145,"sourceH":306},
"flower_029":{"x":1,"y":617,"w":145,"h":304,"offX":0,"offY":2,"sourceW":145,"sourceH":306},
"flower_030":{"x":148,"y":1,"w":145,"h":303,"offX":0,"offY":3,"sourceW":145,"sourceH":306},
"flower_031":{"x":148,"y":1,"w":145,"h":303,"offX":0,"offY":3,"sourceW":145,"sourceH":306},
"flower_032":{"x":148,"y":1,"w":145,"h":303,"offX":0,"offY":3,"sourceW":145,"sourceH":306},
"flower_033":{"x":1,"y":309,"w":145,"h":306,"offX":0,"offY":0,"sourceW":145,"sourceH":306},
"flower_034":{"x":1,"y":309,"w":145,"h":306,"offX":0,"offY":0,"sourceW":145,"sourceH":306},
"flower_035":{"x":1,"y":309,"w":145,"h":306,"offX":0,"offY":0,"sourceW":145,"sourceH":306},
"flower_036":{"x":148,"y":1,"w":145,"h":303,"offX":0,"offY":3,"sourceW":145,"sourceH":306},
"flower_037":{"x":148,"y":1,"w":145,"h":303,"offX":0,"offY":3,"sourceW":145,"sourceH":306},
"flower_038":{"x":148,"y":1,"w":145,"h":303,"offX":0,"offY":3,"sourceW":145,"sourceH":306},
"flower_039":{"x":1,"y":617,"w":145,"h":304,"offX":0,"offY":2,"sourceW":145,"sourceH":306},
"flower_040":{"x":1,"y":617,"w":145,"h":304,"offX":0,"offY":2,"sourceW":145,"sourceH":306},
"flower_041":{"x":1,"y":617,"w":145,"h":304,"offX":0,"offY":2,"sourceW":145,"sourceH":306},
"flower_042":{"x":148,"y":1,"w":145,"h":303,"offX":0,"offY":3,"sourceW":145,"sourceH":306},
"flower_043":{"x":148,"y":1,"w":145,"h":303,"offX":0,"offY":3,"sourceW":145,"sourceH":306},
"flower_044":{"x":148,"y":1,"w":145,"h":303,"offX":0,"offY":3,"sourceW":145,"sourceH":306},
"flower_045":{"x":1,"y":309,"w":145,"h":306,"offX":0,"offY":0,"sourceW":145,"sourceH":306},
"flower_046":{"x":1,"y":309,"w":145,"h":306,"offX":0,"offY":0,"sourceW":145,"sourceH":306},
"flower_047":{"x":1,"y":309,"w":145,"h":306,"offX":0,"offY":0,"sourceW":145,"sourceH":306},
"flower_048":{"x":148,"y":1,"w":145,"h":303,"offX":0,"offY":3,"sourceW":145,"sourceH":306},
"flower_049":{"x":148,"y":1,"w":145,"h":303,"offX":0,"offY":3,"sourceW":145,"sourceH":306},
"flower_050":{"x":148,"y":1,"w":145,"h":303,"offX":0,"offY":3,"sourceW":145,"sourceH":306},
"flower_051":{"x":1,"y":617,"w":145,"h":304,"offX":0,"offY":2,"sourceW":145,"sourceH":306},
"flower_052":{"x":1,"y":617,"w":145,"h":304,"offX":0,"offY":2,"sourceW":145,"sourceH":306},
"flower_053":{"x":1,"y":617,"w":145,"h":304,"offX":0,"offY":2,"sourceW":145,"sourceH":306},
"flower_054":{"x":1,"y":1,"w":145,"h":306,"offX":0,"offY":0,"sourceW":145,"sourceH":306},
"flower_055":{"x":1,"y":1,"w":145,"h":306,"offX":0,"offY":0,"sourceW":145,"sourceH":306},
"flower_056":{"x":1,"y":1,"w":145,"h":306,"offX":0,"offY":0,"sourceW":145,"sourceH":306},
"flower_057":{"x":295,"y":1,"w":145,"h":266,"offX":0,"offY":40,"sourceW":145,"sourceH":306},
"flower_058":{"x":295,"y":1,"w":145,"h":266,"offX":0,"offY":40,"sourceW":145,"sourceH":306},
"flower_059":{"x":295,"y":1,"w":145,"h":266,"offX":0,"offY":40,"sourceW":145,"sourceH":306},
"flower_060":{"x":295,"y":269,"w":145,"h":233,"offX":0,"offY":73,"sourceW":145,"sourceH":306},
"flower_061":{"x":295,"y":269,"w":145,"h":233,"offX":0,"offY":73,"sourceW":145,"sourceH":306},
"flower_062":{"x":295,"y":269,"w":145,"h":233,"offX":0,"offY":73,"sourceW":145,"sourceH":306},
"flower_063":{"x":148,"y":306,"w":145,"h":209,"offX":0,"offY":97,"sourceW":145,"sourceH":306},
"flower_064":{"x":148,"y":306,"w":145,"h":209,"offX":0,"offY":97,"sourceW":145,"sourceH":306},
"flower_065":{"x":148,"y":306,"w":145,"h":209,"offX":0,"offY":97,"sourceW":145,"sourceH":306},
"flower_066":{"x":295,"y":504,"w":145,"h":179,"offX":0,"offY":127,"sourceW":145,"sourceH":306},
"flower_067":{"x":295,"y":504,"w":145,"h":179,"offX":0,"offY":127,"sourceW":145,"sourceH":306},
"flower_068":{"x":295,"y":504,"w":145,"h":179,"offX":0,"offY":127,"sourceW":145,"sourceH":306}}}