{"file":"gold.png","frames":{
"gold_000":{"x":1,"y":1,"w":58,"h":61,"offX":0,"offY":2,"sourceW":58,"sourceH":64},
"gold_001":{"x":1,"y":1,"w":58,"h":61,"offX":0,"offY":2,"sourceW":58,"sourceH":64},
"gold_002":{"x":1,"y":64,"w":44,"h":64,"offX":9,"offY":0,"sourceW":58,"sourceH":64},
"gold_003":{"x":1,"y":64,"w":44,"h":64,"offX":9,"offY":0,"sourceW":58,"sourceH":64},
"gold_004":{"x":91,"y":194,"w":21,"h":61,"offX":21,"offY":1,"sourceW":58,"sourceH":64},
"gold_005":{"x":91,"y":194,"w":21,"h":61,"offX":21,"offY":1,"sourceW":58,"sourceH":64},
"gold_006":{"x":46,"y":131,"w":43,"h":64,"offX":10,"offY":0,"sourceW":58,"sourceH":64},
"gold_007":{"x":46,"y":131,"w":43,"h":64,"offX":10,"offY":0,"sourceW":58,"sourceH":64},
"gold_008":{"x":61,"y":1,"w":57,"h":62,"offX":1,"offY":2,"sourceW":58,"sourceH":64},
"gold_009":{"x":61,"y":1,"w":57,"h":62,"offX":1,"offY":2,"sourceW":58,"sourceH":64},
"gold_010":{"x":47,"y":65,"w":43,"h":64,"offX":10,"offY":0,"sourceW":58,"sourceH":64},
"gold_011":{"x":47,"y":65,"w":43,"h":64,"offX":10,"offY":0,"sourceW":58,"sourceH":64},
"gold_012":{"x":91,"y":131,"w":21,"h":61,"offX":21,"offY":1,"sourceW":58,"sourceH":64},
"gold_013":{"x":91,"y":131,"w":21,"h":61,"offX":21,"offY":1,"sourceW":58,"sourceH":64},
"gold_014":{"x":1,"y":130,"w":43,"h":64,"offX":10,"offY":0,"sourceW":58,"sourceH":64},
"gold_015":{"x":1,"y":130,"w":43,"h":64,"offX":10,"offY":0,"sourceW":58,"sourceH":64}}}