{"file":"eye.png","frames":{
"eye_000":{"x":346,"y":217,"w":369,"h":201,"offX":0,"offY":22,"sourceW":370,"sourceH":223},
"eye_001":{"x":346,"y":217,"w":369,"h":201,"offX":0,"offY":22,"sourceW":370,"sourceH":223},
"eye_002":{"x":346,"y":217,"w":369,"h":201,"offX":0,"offY":22,"sourceW":370,"sourceH":223},
"eye_003":{"x":346,"y":217,"w":369,"h":201,"offX":0,"offY":22,"sourceW":370,"sourceH":223},
"eye_004":{"x":1,"y":217,"w":343,"h":223,"offX":1,"offY":0,"sourceW":370,"sourceH":223},
"eye_005":{"x":1,"y":217,"w":343,"h":223,"offX":1,"offY":0,"sourceW":370,"sourceH":223},
"eye_006":{"x":1,"y":217,"w":343,"h":223,"offX":1,"offY":0,"sourceW":370,"sourceH":223},
"eye_007":{"x":1,"y":217,"w":343,"h":223,"offX":1,"offY":0,"sourceW":370,"sourceH":223},
"eye_008":{"x":1,"y":1,"w":369,"h":214,"offX":1,"offY":9,"sourceW":370,"sourceH":223},
"eye_009":{"x":1,"y":1,"w":369,"h":214,"offX":1,"offY":9,"sourceW":370,"sourceH":223},
"eye_010":{"x":1,"y":1,"w":369,"h":214,"offX":1,"offY":9,"sourceW":370,"sourceH":223},
"eye_011":{"x":1,"y":1,"w":369,"h":214,"offX":1,"offY":9,"sourceW":370,"sourceH":223}}}