{"file":"Clothes.png","frames":{
"Clothes_000":{"x":1,"y":1601,"w":1062,"h":1598,"offX":2,"offY":0,"sourceW":1064,"sourceH":1599},
"Clothes_001":{"x":1,"y":1601,"w":1062,"h":1598,"offX":2,"offY":0,"sourceW":1064,"sourceH":1599},
"Clothes_002":{"x":1,"y":1601,"w":1062,"h":1598,"offX":2,"offY":0,"sourceW":1064,"sourceH":1599},
"Clothes_003":{"x":1,"y":1,"w":1063,"h":1598,"offX":0,"offY":1,"sourceW":1064,"sourceH":1599},
"Clothes_004":{"x":1,"y":1,"w":1063,"h":1598,"offX":0,"offY":1,"sourceW":1064,"sourceH":1599},
"Clothes_005":{"x":1,"y":1,"w":1063,"h":1598,"offX":0,"offY":1,"sourceW":1064,"sourceH":1599},
"Clothes_006":{"x":1066,"y":1,"w":1061,"h":1598,"offX":2,"offY":1,"sourceW":1064,"sourceH":1599},
"Clothes_007":{"x":1066,"y":1,"w":1061,"h":1598,"offX":2,"offY":1,"sourceW":1064,"sourceH":1599},
"Clothes_008":{"x":1066,"y":1,"w":1061,"h":1598,"offX":2,"offY":1,"sourceW":1064,"sourceH":1599},
"Clothes_009":{"x":1065,"y":1601,"w":1061,"h":1598,"offX":2,"offY":1,"sourceW":1064,"sourceH":1599},
"Clothes_010":{"x":1065,"y":1601,"w":1061,"h":1598,"offX":2,"offY":1,"sourceW":1064,"sourceH":1599},
"Clothes_011":{"x":1065,"y":1601,"w":1061,"h":1598,"offX":2,"offY":1,"sourceW":1064,"sourceH":1599}}}