{"file":"Hair.png","frames":{
"Hair_000":{"x":1,"y":365,"w":531,"h":344,"offX":20,"offY":18,"sourceW":574,"sourceH":364},
"Hair_001":{"x":1,"y":365,"w":531,"h":344,"offX":20,"offY":18,"sourceW":574,"sourceH":364},
"Hair_002":{"x":1,"y":365,"w":531,"h":344,"offX":20,"offY":18,"sourceW":574,"sourceH":364},
"Hair_003":{"x":1,"y":365,"w":531,"h":344,"offX":20,"offY":18,"sourceW":574,"sourceH":364},
"Hair_004":{"x":1,"y":365,"w":531,"h":344,"offX":20,"offY":18,"sourceW":574,"sourceH":364},
"Hair_005":{"x":534,"y":365,"w":525,"h":341,"offX":21,"offY":23,"sourceW":574,"sourceH":364},
"Hair_006":{"x":534,"y":365,"w":525,"h":341,"offX":21,"offY":23,"sourceW":574,"sourceH":364},
"Hair_007":{"x":534,"y":365,"w":525,"h":341,"offX":21,"offY":23,"sourceW":574,"sourceH":364},
"Hair_008":{"x":534,"y":365,"w":525,"h":341,"offX":21,"offY":23,"sourceW":574,"sourceH":364},
"Hair_009":{"x":534,"y":365,"w":525,"h":341,"offX":21,"offY":23,"sourceW":574,"sourceH":364},
"Hair_010":{"x":577,"y":1,"w":499,"h":356,"offX":16,"offY":8,"sourceW":574,"sourceH":364},
"Hair_011":{"x":577,"y":1,"w":499,"h":356,"offX":16,"offY":8,"sourceW":574,"sourceH":364},
"Hair_012":{"x":577,"y":1,"w":499,"h":356,"offX":16,"offY":8,"sourceW":574,"sourceH":364},
"Hair_013":{"x":577,"y":1,"w":499,"h":356,"offX":16,"offY":8,"sourceW":574,"sourceH":364},
"Hair_014":{"x":577,"y":1,"w":499,"h":356,"offX":16,"offY":8,"sourceW":574,"sourceH":364},
"Hair_015":{"x":1,"y":1,"w":574,"h":362,"offX":0,"offY":0,"sourceW":574,"sourceH":364},
"Hair_016":{"x":1,"y":1,"w":574,"h":362,"offX":0,"offY":0,"sourceW":574,"sourceH":364},
"Hair_017":{"x":1,"y":1,"w":574,"h":362,"offX":0,"offY":0,"sourceW":574,"sourceH":364},
"Hair_018":{"x":1,"y":1,"w":574,"h":362,"offX":0,"offY":0,"sourceW":574,"sourceH":364},
"Hair_019":{"x":1,"y":1,"w":574,"h":362,"offX":0,"offY":0,"sourceW":574,"sourceH":364}}}