{"file":"eye.png","frames":{
"eye_000":{"x":1,"y":149,"w":209,"h":55,"offX":14,"offY":14,"sourceW":238,"sourceH":81},
"eye_001":{"x":1,"y":149,"w":209,"h":55,"offX":14,"offY":14,"sourceW":238,"sourceH":81},
"eye_002":{"x":223,"y":148,"w":214,"h":59,"offX":12,"offY":12,"sourceW":238,"sourceH":81},
"eye_003":{"x":223,"y":148,"w":214,"h":59,"offX":12,"offY":12,"sourceW":238,"sourceH":81},
"eye_004":{"x":1,"y":84,"w":220,"h":63,"offX":9,"offY":10,"sourceW":238,"sourceH":81},
"eye_005":{"x":1,"y":84,"w":220,"h":63,"offX":9,"offY":10,"sourceW":238,"sourceH":81},
"eye_006":{"x":241,"y":77,"w":226,"h":69,"offX":6,"offY":7,"sourceW":238,"sourceH":81},
"eye_007":{"x":241,"y":77,"w":226,"h":69,"offX":6,"offY":7,"sourceW":238,"sourceH":81},
"eye_008":{"x":241,"y":1,"w":232,"h":74,"offX":3,"offY":4,"sourceW":238,"sourceH":81},
"eye_009":{"x":241,"y":1,"w":232,"h":74,"offX":3,"offY":4,"sourceW":238,"sourceH":81},
"eye_010":{"x":1,"y":1,"w":238,"h":81,"offX":0,"offY":0,"sourceW":238,"sourceH":81},
"eye_011":{"x":1,"y":1,"w":238,"h":81,"offX":0,"offY":0,"sourceW":238,"sourceH":81},
"eye_012":{"x":1,"y":1,"w":238,"h":81,"offX":0,"offY":0,"sourceW":238,"sourceH":81},
"eye_013":{"x":241,"y":1,"w":232,"h":74,"offX":3,"offY":4,"sourceW":238,"sourceH":81},
"eye_014":{"x":241,"y":1,"w":232,"h":74,"offX":3,"offY":4,"sourceW":238,"sourceH":81},
"eye_015":{"x":241,"y":1,"w":232,"h":74,"offX":3,"offY":4,"sourceW":238,"sourceH":81},
"eye_016":{"x":241,"y":77,"w":226,"h":69,"offX":6,"offY":7,"sourceW":238,"sourceH":81},
"eye_017":{"x":241,"y":77,"w":226,"h":69,"offX":6,"offY":7,"sourceW":238,"sourceH":81},
"eye_018":{"x":241,"y":77,"w":226,"h":69,"offX":6,"offY":7,"sourceW":238,"sourceH":81},
"eye_019":{"x":241,"y":1,"w":232,"h":74,"offX":3,"offY":4,"sourceW":238,"sourceH":81},
"eye_020":{"x":241,"y":1,"w":232,"h":74,"offX":3,"offY":4,"sourceW":238,"sourceH":81},
"eye_021":{"x":241,"y":1,"w":232,"h":74,"offX":3,"offY":4,"sourceW":238,"sourceH":81},
"eye_022":{"x":1,"y":1,"w":238,"h":81,"offX":0,"offY":0,"sourceW":238,"sourceH":81},
"eye_023":{"x":1,"y":1,"w":238,"h":81,"offX":0,"offY":0,"sourceW":238,"sourceH":81},
"eye_024":{"x":1,"y":1,"w":238,"h":81,"offX":0,"offY":0,"sourceW":238,"sourceH":81},
"eye_025":{"x":1,"y":149,"w":209,"h":55,"offX":14,"offY":14,"sourceW":238,"sourceH":81},
"eye_026":{"x":1,"y":149,"w":209,"h":55,"offX":14,"offY":14,"sourceW":238,"sourceH":81},
"eye_027":{"x":223,"y":148,"w":214,"h":59,"offX":12,"offY":12,"sourceW":238,"sourceH":81},
"eye_028":{"x":223,"y":148,"w":214,"h":59,"offX":12,"offY":12,"sourceW":238,"sourceH":81},
"eye_029":{"x":1,"y":84,"w":220,"h":63,"offX":9,"offY":10,"sourceW":238,"sourceH":81},
"eye_030":{"x":1,"y":84,"w":220,"h":63,"offX":9,"offY":10,"sourceW":238,"sourceH":81},
"eye_031":{"x":241,"y":77,"w":226,"h":69,"offX":6,"offY":7,"sourceW":238,"sourceH":81},
"eye_032":{"x":241,"y":77,"w":226,"h":69,"offX":6,"offY":7,"sourceW":238,"sourceH":81},
"eye_033":{"x":241,"y":1,"w":232,"h":74,"offX":3,"offY":4,"sourceW":238,"sourceH":81},
"eye_034":{"x":241,"y":1,"w":232,"h":74,"offX":3,"offY":4,"sourceW":238,"sourceH":81}
}}