{"file":"saliva.png","frames":{
"saliva_000":{"x":369,"y":789,"w":95,"h":106,"offX":90,"offY":1,"sourceW":274,"sourceH":445},
"saliva_001":{"x":369,"y":789,"w":95,"h":106,"offX":90,"offY":1,"sourceW":274,"sourceH":445},
"saliva_002":{"x":369,"y":789,"w":95,"h":106,"offX":90,"offY":1,"sourceW":274,"sourceH":445},
"saliva_003":{"x":268,"y":789,"w":99,"h":217,"offX":89,"offY":0,"sourceW":274,"sourceH":445},
"saliva_004":{"x":268,"y":789,"w":99,"h":217,"offX":89,"offY":0,"sourceW":274,"sourceH":445},
"saliva_005":{"x":268,"y":789,"w":99,"h":217,"offX":89,"offY":0,"sourceW":274,"sourceH":445},
"saliva_006":{"x":268,"y":445,"w":109,"h":342,"offX":83,"offY":0,"sourceW":274,"sourceH":445},
"saliva_007":{"x":268,"y":445,"w":109,"h":342,"offX":83,"offY":0,"sourceW":274,"sourceH":445},
"saliva_008":{"x":268,"y":445,"w":109,"h":342,"offX":83,"offY":0,"sourceW":274,"sourceH":445},
"saliva_009":{"x":1,"y":445,"w":265,"h":445,"offX":9,"offY":0,"sourceW":274,"sourceH":445},
"saliva_010":{"x":1,"y":445,"w":265,"h":445,"offX":9,"offY":0,"sourceW":274,"sourceH":445},
"saliva_011":{"x":1,"y":445,"w":265,"h":445,"offX":9,"offY":0,"sourceW":274,"sourceH":445},
"saliva_012":{"x":1,"y":1,"w":270,"h":442,"offX":0,"offY":2,"sourceW":274,"sourceH":445},
"saliva_013":{"x":1,"y":1,"w":270,"h":442,"offX":0,"offY":2,"sourceW":274,"sourceH":445},
"saliva_014":{"x":1,"y":1,"w":270,"h":442,"offX":0,"offY":2,"sourceW":274,"sourceH":445},
"saliva_015":{"x":1,"y":445,"w":265,"h":445,"offX":9,"offY":0,"sourceW":274,"sourceH":445},
"saliva_016":{"x":1,"y":445,"w":265,"h":445,"offX":9,"offY":0,"sourceW":274,"sourceH":445},
"saliva_017":{"x":1,"y":445,"w":265,"h":445,"offX":9,"offY":0,"sourceW":274,"sourceH":445},
"saliva_018":{"x":1,"y":1,"w":270,"h":442,"offX":0,"offY":2,"sourceW":274,"sourceH":445},
"saliva_019":{"x":1,"y":1,"w":270,"h":442,"offX":0,"offY":2,"sourceW":274,"sourceH":445},
"saliva_020":{"x":1,"y":1,"w":270,"h":442,"offX":0,"offY":2,"sourceW":274,"sourceH":445},
"saliva_021":{"x":1,"y":445,"w":265,"h":445,"offX":9,"offY":0,"sourceW":274,"sourceH":445},
"saliva_022":{"x":1,"y":445,"w":265,"h":445,"offX":9,"offY":0,"sourceW":274,"sourceH":445},
"saliva_023":{"x":1,"y":445,"w":265,"h":445,"offX":9,"offY":0,"sourceW":274,"sourceH":445},
"saliva_024":{"x":1,"y":1,"w":270,"h":442,"offX":0,"offY":2,"sourceW":274,"sourceH":445},
"saliva_025":{"x":1,"y":1,"w":270,"h":442,"offX":0,"offY":2,"sourceW":274,"sourceH":445},
"saliva_026":{"x":1,"y":1,"w":270,"h":442,"offX":0,"offY":2,"sourceW":274,"sourceH":445},
"saliva_027":{"x":1,"y":445,"w":265,"h":445,"offX":9,"offY":0,"sourceW":274,"sourceH":445},
"saliva_028":{"x":1,"y":445,"w":265,"h":445,"offX":9,"offY":0,"sourceW":274,"sourceH":445},
"saliva_029":{"x":1,"y":445,"w":265,"h":445,"offX":9,"offY":0,"sourceW":274,"sourceH":445},
"saliva_030":{"x":1,"y":1,"w":270,"h":442,"offX":0,"offY":2,"sourceW":274,"sourceH":445},
"saliva_031":{"x":1,"y":1,"w":270,"h":442,"offX":0,"offY":2,"sourceW":274,"sourceH":445},
"saliva_032":{"x":1,"y":1,"w":270,"h":442,"offX":0,"offY":2,"sourceW":274,"sourceH":445},
"saliva_033":{"x":1,"y":445,"w":265,"h":445,"offX":9,"offY":0,"sourceW":274,"sourceH":445},
"saliva_034":{"x":1,"y":445,"w":265,"h":445,"offX":9,"offY":0,"sourceW":274,"sourceH":445},
"saliva_035":{"x":1,"y":445,"w":265,"h":445,"offX":9,"offY":0,"sourceW":274,"sourceH":445},
"saliva_036":{"x":1,"y":1,"w":270,"h":442,"offX":0,"offY":2,"sourceW":274,"sourceH":445},
"saliva_037":{"x":1,"y":1,"w":270,"h":442,"offX":0,"offY":2,"sourceW":274,"sourceH":445},
"saliva_038":{"x":1,"y":1,"w":270,"h":442,"offX":0,"offY":2,"sourceW":274,"sourceH":445},
"saliva_039":{"x":1,"y":445,"w":265,"h":445,"offX":9,"offY":0,"sourceW":274,"sourceH":445},
"saliva_040":{"x":1,"y":445,"w":265,"h":445,"offX":9,"offY":0,"sourceW":274,"sourceH":445},
"saliva_041":{"x":1,"y":445,"w":265,"h":445,"offX":9,"offY":0,"sourceW":274,"sourceH":445},
"saliva_042":{"x":1,"y":1,"w":270,"h":442,"offX":0,"offY":2,"sourceW":274,"sourceH":445},
"saliva_043":{"x":1,"y":1,"w":270,"h":442,"offX":0,"offY":2,"sourceW":274,"sourceH":445},
"saliva_044":{"x":1,"y":1,"w":270,"h":442,"offX":0,"offY":2,"sourceW":274,"sourceH":445},
"saliva_045":{"x":1,"y":445,"w":265,"h":445,"offX":9,"offY":0,"sourceW":274,"sourceH":445},
"saliva_046":{"x":1,"y":445,"w":265,"h":445,"offX":9,"offY":0,"sourceW":274,"sourceH":445},
"saliva_047":{"x":1,"y":445,"w":265,"h":445,"offX":9,"offY":0,"sourceW":274,"sourceH":445},
"saliva_048":{"x":1,"y":1,"w":270,"h":442,"offX":0,"offY":2,"sourceW":274,"sourceH":445},
"saliva_049":{"x":1,"y":1,"w":270,"h":442,"offX":0,"offY":2,"sourceW":274,"sourceH":445},
"saliva_050":{"x":1,"y":1,"w":270,"h":442,"offX":0,"offY":2,"sourceW":274,"sourceH":445},
"saliva_051":{"x":1,"y":445,"w":265,"h":445,"offX":9,"offY":0,"sourceW":274,"sourceH":445},
"saliva_052":{"x":1,"y":445,"w":265,"h":445,"offX":9,"offY":0,"sourceW":274,"sourceH":445},
"saliva_053":{"x":1,"y":445,"w":265,"h":445,"offX":9,"offY":0,"sourceW":274,"sourceH":445},
"saliva_054":{"x":1,"y":1,"w":270,"h":442,"offX":0,"offY":2,"sourceW":274,"sourceH":445},
"saliva_055":{"x":1,"y":1,"w":270,"h":442,"offX":0,"offY":2,"sourceW":274,"sourceH":445},
"saliva_056":{"x":1,"y":1,"w":270,"h":442,"offX":0,"offY":2,"sourceW":274,"sourceH":445},
"saliva_057":{"x":1,"y":445,"w":265,"h":445,"offX":9,"offY":0,"sourceW":274,"sourceH":445},
"saliva_058":{"x":1,"y":445,"w":265,"h":445,"offX":9,"offY":0,"sourceW":274,"sourceH":445},
"saliva_059":{"x":1,"y":445,"w":265,"h":445,"offX":9,"offY":0,"sourceW":274,"sourceH":445},
"saliva_060":{"x":1,"y":1,"w":270,"h":442,"offX":0,"offY":2,"sourceW":274,"sourceH":445},
"saliva_061":{"x":1,"y":1,"w":270,"h":442,"offX":0,"offY":2,"sourceW":274,"sourceH":445},
"saliva_062":{"x":1,"y":1,"w":270,"h":442,"offX":0,"offY":2,"sourceW":274,"sourceH":445},
"saliva_063":{"x":1,"y":445,"w":265,"h":445,"offX":9,"offY":0,"sourceW":274,"sourceH":445},
"saliva_064":{"x":1,"y":445,"w":265,"h":445,"offX":9,"offY":0,"sourceW":274,"sourceH":445},
"saliva_065":{"x":1,"y":445,"w":265,"h":445,"offX":9,"offY":0,"sourceW":274,"sourceH":445},
"saliva_066":{"x":1,"y":1,"w":270,"h":442,"offX":0,"offY":2,"sourceW":274,"sourceH":445},
"saliva_067":{"x":1,"y":1,"w":270,"h":442,"offX":0,"offY":2,"sourceW":274,"sourceH":445},
"saliva_068":{"x":1,"y":1,"w":270,"h":442,"offX":0,"offY":2,"sourceW":274,"sourceH":445},
"saliva_069":{"x":1,"y":445,"w":265,"h":445,"offX":9,"offY":0,"sourceW":274,"sourceH":445},
"saliva_070":{"x":1,"y":445,"w":265,"h":445,"offX":9,"offY":0,"sourceW":274,"sourceH":445},
"saliva_071":{"x":1,"y":445,"w":265,"h":445,"offX":9,"offY":0,"sourceW":274,"sourceH":445},
"saliva_072":{"x":1,"y":1,"w":270,"h":442,"offX":0,"offY":2,"sourceW":274,"sourceH":445},
"saliva_073":{"x":1,"y":1,"w":270,"h":442,"offX":0,"offY":2,"sourceW":274,"sourceH":445},
"saliva_074":{"x":1,"y":1,"w":270,"h":442,"offX":0,"offY":2,"sourceW":274,"sourceH":445}}}