﻿{"file":"hat.png","frames":{
"hat_000":{"x":1,"y":598,"w":740,"h":595,"offX":5,"offY":0,"sourceW":750,"sourceH":595},
"hat_001":{"x":1,"y":598,"w":740,"h":595,"offX":5,"offY":0,"sourceW":750,"sourceH":595},
"hat_002":{"x":1,"y":598,"w":740,"h":595,"offX":5,"offY":0,"sourceW":750,"sourceH":595},
"hat_003":{"x":1,"y":598,"w":740,"h":595,"offX":5,"offY":0,"sourceW":750,"sourceH":595},
"hat_004":{"x":1,"y":1195,"w":731,"h":595,"offX":9,"offY":0,"sourceW":750,"sourceH":595},
"hat_005":{"x":1,"y":1195,"w":731,"h":595,"offX":9,"offY":0,"sourceW":750,"sourceH":595},
"hat_006":{"x":1,"y":1195,"w":731,"h":595,"offX":9,"offY":0,"sourceW":750,"sourceH":595},
"hat_007":{"x":1,"y":1195,"w":731,"h":595,"offX":9,"offY":0,"sourceW":750,"sourceH":595},
"hat_008":{"x":1,"y":598,"w":740,"h":595,"offX":5,"offY":0,"sourceW":750,"sourceH":595},
"hat_009":{"x":1,"y":598,"w":740,"h":595,"offX":5,"offY":0,"sourceW":750,"sourceH":595},
"hat_010":{"x":1,"y":598,"w":740,"h":595,"offX":5,"offY":0,"sourceW":750,"sourceH":595},
"hat_011":{"x":1,"y":598,"w":740,"h":595,"offX":5,"offY":0,"sourceW":750,"sourceH":595},
"hat_012":{"x":1,"y":1,"w":750,"h":595,"offX":0,"offY":0,"sourceW":750,"sourceH":595},
"hat_013":{"x":1,"y":1,"w":750,"h":595,"offX":0,"offY":0,"sourceW":750,"sourceH":595},
"hat_014":{"x":1,"y":1,"w":750,"h":595,"offX":0,"offY":0,"sourceW":750,"sourceH":595},
"hat_015":{"x":1,"y":1,"w":750,"h":595,"offX":0,"offY":0,"sourceW":750,"sourceH":595}}}