{"file":"body.png","frames":{
"body_000":{"x":1281,"y":1,"w":1254,"h":1889,"offX":73,"offY":0,"sourceW":1327,"sourceH":1889},
"body_001":{"x":1281,"y":1,"w":1254,"h":1889,"offX":73,"offY":0,"sourceW":1327,"sourceH":1889},
"body_002":{"x":1281,"y":1,"w":1254,"h":1889,"offX":73,"offY":0,"sourceW":1327,"sourceH":1889},
"body_003":{"x":2537,"y":1,"w":1233,"h":1889,"offX":43,"offY":0,"sourceW":1327,"sourceH":1889},
"body_004":{"x":2537,"y":1,"w":1233,"h":1889,"offX":43,"offY":0,"sourceW":1327,"sourceH":1889},
"body_005":{"x":2537,"y":1,"w":1233,"h":1889,"offX":43,"offY":0,"sourceW":1327,"sourceH":1889},
"body_006":{"x":1,"y":1,"w":1278,"h":1889,"offX":0,"offY":0,"sourceW":1327,"sourceH":1889},
"body_007":{"x":1,"y":1,"w":1278,"h":1889,"offX":0,"offY":0,"sourceW":1327,"sourceH":1889},
"body_008":{"x":1,"y":1,"w":1278,"h":1889,"offX":0,"offY":0,"sourceW":1327,"sourceH":1889}}}