{"file":"hair.png","frames":{
"hair_000":{"x":378,"y":1,"w":371,"h":247,"offX":2,"offY":2,"sourceW":375,"sourceH":251},
"hair_001":{"x":378,"y":1,"w":371,"h":247,"offX":2,"offY":2,"sourceW":375,"sourceH":251},
"hair_002":{"x":378,"y":1,"w":371,"h":247,"offX":2,"offY":2,"sourceW":375,"sourceH":251},
"hair_003":{"x":378,"y":1,"w":371,"h":247,"offX":2,"offY":2,"sourceW":375,"sourceH":251},
"hair_004":{"x":378,"y":1,"w":371,"h":247,"offX":2,"offY":2,"sourceW":375,"sourceH":251},
"hair_005":{"x":1,"y":1,"w":375,"h":251,"offX":0,"offY":0,"sourceW":375,"sourceH":251},
"hair_006":{"x":1,"y":1,"w":375,"h":251,"offX":0,"offY":0,"sourceW":375,"sourceH":251},
"hair_007":{"x":1,"y":1,"w":375,"h":251,"offX":0,"offY":0,"sourceW":375,"sourceH":251},
"hair_008":{"x":1,"y":1,"w":375,"h":251,"offX":0,"offY":0,"sourceW":375,"sourceH":251},
"hair_009":{"x":1,"y":1,"w":375,"h":251,"offX":0,"offY":0,"sourceW":375,"sourceH":251},
"hair_010":{"x":1,"y":254,"w":375,"h":251,"offX":0,"offY":0,"sourceW":375,"sourceH":251},
"hair_011":{"x":1,"y":254,"w":375,"h":251,"offX":0,"offY":0,"sourceW":375,"sourceH":251},
"hair_012":{"x":1,"y":254,"w":375,"h":251,"offX":0,"offY":0,"sourceW":375,"sourceH":251},
"hair_013":{"x":1,"y":254,"w":375,"h":251,"offX":0,"offY":0,"sourceW":375,"sourceH":251},
"hair_014":{"x":1,"y":254,"w":375,"h":251,"offX":0,"offY":0,"sourceW":375,"sourceH":251}}}