{"file":"fox.png","frames":{
"fox_000":{"x":1,"y":3319,"w":479,"h":551,"offX":15,"offY":6,"sourceW":501,"sourceH":573},
"fox_001":{"x":1,"y":554,"w":479,"h":551,"offX":15,"offY":6,"sourceW":501,"sourceH":573},
"fox_002":{"x":2887,"y":1,"w":479,"h":550,"offX":15,"offY":6,"sourceW":501,"sourceH":573},
"fox_003":{"x":963,"y":1,"w":479,"h":550,"offX":15,"offY":6,"sourceW":501,"sourceH":573},
"fox_004":{"x":963,"y":1105,"w":479,"h":550,"offX":15,"offY":6,"sourceW":501,"sourceH":573},
"fox_005":{"x":1444,"y":1,"w":479,"h":550,"offX":15,"offY":6,"sourceW":501,"sourceH":573},
"fox_006":{"x":963,"y":1657,"w":479,"h":549,"offX":15,"offY":6,"sourceW":501,"sourceH":573},
"fox_007":{"x":963,"y":3309,"w":479,"h":548,"offX":15,"offY":6,"sourceW":501,"sourceH":573},
"fox_008":{"x":1,"y":1660,"w":479,"h":551,"offX":15,"offY":6,"sourceW":501,"sourceH":573},
"fox_009":{"x":1,"y":1,"w":479,"h":551,"offX":15,"offY":6,"sourceW":501,"sourceH":573},
"fox_010":{"x":1925,"y":553,"w":479,"h":546,"offX":15,"offY":6,"sourceW":501,"sourceH":573},
"fox_011":{"x":2887,"y":553,"w":479,"h":546,"offX":15,"offY":6,"sourceW":501,"sourceH":573},
"fox_012":{"x":482,"y":1660,"w":479,"h":551,"offX":15,"offY":6,"sourceW":501,"sourceH":573},
"fox_013":{"x":1,"y":2213,"w":479,"h":551,"offX":15,"offY":6,"sourceW":501,"sourceH":573},
"fox_014":{"x":482,"y":2213,"w":479,"h":551,"offX":15,"offY":6,"sourceW":501,"sourceH":573},
"fox_015":{"x":1,"y":1107,"w":479,"h":551,"offX":15,"offY":6,"sourceW":501,"sourceH":573},
"fox_016":{"x":482,"y":3319,"w":479,"h":551,"offX":15,"offY":6,"sourceW":501,"sourceH":573},
"fox_017":{"x":482,"y":1107,"w":479,"h":551,"offX":15,"offY":6,"sourceW":501,"sourceH":573},
"fox_018":{"x":2406,"y":553,"w":479,"h":546,"offX":15,"offY":6,"sourceW":501,"sourceH":573},
"fox_019":{"x":1444,"y":553,"w":479,"h":547,"offX":15,"offY":6,"sourceW":501,"sourceH":573},
"fox_020":{"x":1,"y":2766,"w":479,"h":551,"offX":15,"offY":6,"sourceW":501,"sourceH":573},
"fox_021":{"x":482,"y":1,"w":479,"h":551,"offX":15,"offY":6,"sourceW":501,"sourceH":573},
"fox_022":{"x":963,"y":2759,"w":479,"h":548,"offX":15,"offY":6,"sourceW":501,"sourceH":573},
"fox_023":{"x":963,"y":2208,"w":479,"h":549,"offX":15,"offY":6,"sourceW":501,"sourceH":573},
"fox_024":{"x":1925,"y":1,"w":479,"h":550,"offX":15,"offY":6,"sourceW":501,"sourceH":573},
"fox_025":{"x":963,"y":553,"w":479,"h":550,"offX":15,"offY":6,"sourceW":501,"sourceH":573},
"fox_026":{"x":3368,"y":1,"w":479,"h":550,"offX":15,"offY":6,"sourceW":501,"sourceH":573},
"fox_027":{"x":2406,"y":1,"w":479,"h":550,"offX":15,"offY":6,"sourceW":501,"sourceH":573},
"fox_028":{"x":482,"y":2766,"w":479,"h":551,"offX":15,"offY":6,"sourceW":501,"sourceH":573},
"fox_029":{"x":482,"y":554,"w":479,"h":551,"offX":15,"offY":6,"sourceW":501,"sourceH":573}}}