{"file":"glasses.png","frames":{
"glasses_000":{"x":599,"y":1,"w":297,"h":131,"offX":0,"offY":0,"sourceW":297,"sourceH":131},
"glasses_001":{"x":599,"y":1,"w":297,"h":131,"offX":0,"offY":0,"sourceW":297,"sourceH":131},
"glasses_002":{"x":300,"y":1,"w":297,"h":131,"offX":0,"offY":0,"sourceW":297,"sourceH":131},
"glasses_003":{"x":300,"y":1,"w":297,"h":131,"offX":0,"offY":0,"sourceW":297,"sourceH":131},
"glasses_004":{"x":300,"y":134,"w":297,"h":131,"offX":0,"offY":0,"sourceW":297,"sourceH":131},
"glasses_005":{"x":300,"y":134,"w":297,"h":131,"offX":0,"offY":0,"sourceW":297,"sourceH":131},
"glasses_006":{"x":1,"y":1,"w":297,"h":131,"offX":0,"offY":0,"sourceW":297,"sourceH":131},
"glasses_007":{"x":1,"y":1,"w":297,"h":131,"offX":0,"offY":0,"sourceW":297,"sourceH":131},
"glasses_008":{"x":1,"y":134,"w":297,"h":131,"offX":0,"offY":0,"sourceW":297,"sourceH":131},
"glasses_009":{"x":1,"y":134,"w":297,"h":131,"offX":0,"offY":0,"sourceW":297,"sourceH":131},
"glasses_010":{"x":1,"y":267,"w":297,"h":131,"offX":0,"offY":0,"sourceW":297,"sourceH":131},
"glasses_011":{"x":1,"y":267,"w":297,"h":131,"offX":0,"offY":0,"sourceW":297,"sourceH":131}}}