{"file":"braid.png","frames":{
"braid_000":{"x":1,"y":515,"w":571,"h":102,"offX":0,"offY":0,"sourceW":571,"sourceH":149},
"braid_001":{"x":1,"y":515,"w":571,"h":102,"offX":0,"offY":0,"sourceW":571,"sourceH":149},
"braid_002":{"x":1,"y":515,"w":571,"h":102,"offX":0,"offY":0,"sourceW":571,"sourceH":149},
"braid_003":{"x":1,"y":402,"w":571,"h":111,"offX":0,"offY":3,"sourceW":571,"sourceH":149},
"braid_004":{"x":1,"y":402,"w":571,"h":111,"offX":0,"offY":3,"sourceW":571,"sourceH":149},
"braid_005":{"x":1,"y":402,"w":571,"h":111,"offX":0,"offY":3,"sourceW":571,"sourceH":149},
"braid_006":{"x":1,"y":277,"w":571,"h":123,"offX":0,"offY":4,"sourceW":571,"sourceH":149},
"braid_007":{"x":1,"y":277,"w":571,"h":123,"offX":0,"offY":4,"sourceW":571,"sourceH":149},
"braid_008":{"x":1,"y":277,"w":571,"h":123,"offX":0,"offY":4,"sourceW":571,"sourceH":149},
"braid_009":{"x":1,"y":145,"w":568,"h":130,"offX":2,"offY":6,"sourceW":571,"sourceH":149},
"braid_010":{"x":1,"y":145,"w":568,"h":130,"offX":2,"offY":6,"sourceW":571,"sourceH":149},
"braid_011":{"x":1,"y":145,"w":568,"h":130,"offX":2,"offY":6,"sourceW":571,"sourceH":149},
"braid_012":{"x":1,"y":1,"w":561,"h":142,"offX":6,"offY":7,"sourceW":571,"sourceH":149},
"braid_013":{"x":1,"y":1,"w":561,"h":142,"offX":6,"offY":7,"sourceW":571,"sourceH":149},
"braid_014":{"x":1,"y":1,"w":561,"h":142,"offX":6,"offY":7,"sourceW":571,"sourceH":149}}}