{"file":"clothes.png","frames":{
"clothes_000":{"x":588,"y":1,"w":585,"h":499,"offX":0,"offY":0,"sourceW":585,"sourceH":499},
"clothes_001":{"x":588,"y":1,"w":585,"h":499,"offX":0,"offY":0,"sourceW":585,"sourceH":499},
"clothes_002":{"x":1,"y":1,"w":585,"h":499,"offX":0,"offY":0,"sourceW":585,"sourceH":499},
"clothes_003":{"x":1,"y":1,"w":585,"h":499,"offX":0,"offY":0,"sourceW":585,"sourceH":499},
"clothes_004":{"x":1,"y":502,"w":585,"h":499,"offX":0,"offY":0,"sourceW":585,"sourceH":499},
"clothes_005":{"x":1,"y":502,"w":585,"h":499,"offX":0,"offY":0,"sourceW":585,"sourceH":499},
"clothes_006":{"x":588,"y":502,"w":585,"h":499,"offX":0,"offY":0,"sourceW":585,"sourceH":499},
"clothes_007":{"x":588,"y":502,"w":585,"h":499,"offX":0,"offY":0,"sourceW":585,"sourceH":499}}}