{"file":"Clothes.png","frames":{
"Clothes_000":{"x":988,"y":1,"w":841,"h":986,"offX":0,"offY":0,"sourceW":1097,"sourceH":986},
"Clothes_001":{"x":988,"y":1,"w":841,"h":986,"offX":0,"offY":0,"sourceW":1097,"sourceH":986},
"Clothes_002":{"x":988,"y":1,"w":841,"h":986,"offX":0,"offY":0,"sourceW":1097,"sourceH":986},
"Clothes_003":{"x":1,"y":1977,"w":729,"h":986,"offX":112,"offY":0,"sourceW":1097,"sourceH":986},
"Clothes_004":{"x":1,"y":1977,"w":729,"h":986,"offX":112,"offY":0,"sourceW":1097,"sourceH":986},
"Clothes_005":{"x":1,"y":1977,"w":729,"h":986,"offX":112,"offY":0,"sourceW":1097,"sourceH":986},
"Clothes_006":{"x":1,"y":2965,"w":729,"h":986,"offX":112,"offY":0,"sourceW":1097,"sourceH":986},
"Clothes_007":{"x":1,"y":2965,"w":729,"h":986,"offX":112,"offY":0,"sourceW":1097,"sourceH":986},
"Clothes_008":{"x":1,"y":2965,"w":729,"h":986,"offX":112,"offY":0,"sourceW":1097,"sourceH":986},
"Clothes_009":{"x":838,"y":989,"w":795,"h":986,"offX":112,"offY":0,"sourceW":1097,"sourceH":986},
"Clothes_010":{"x":838,"y":989,"w":795,"h":986,"offX":112,"offY":0,"sourceW":1097,"sourceH":986},
"Clothes_011":{"x":838,"y":989,"w":795,"h":986,"offX":112,"offY":0,"sourceW":1097,"sourceH":986},
"Clothes_012":{"x":1,"y":1,"w":985,"h":986,"offX":112,"offY":0,"sourceW":1097,"sourceH":986},
"Clothes_013":{"x":1,"y":1,"w":985,"h":986,"offX":112,"offY":0,"sourceW":1097,"sourceH":986},
"Clothes_014":{"x":1,"y":1,"w":985,"h":986,"offX":112,"offY":0,"sourceW":1097,"sourceH":986},
"Clothes_015":{"x":1,"y":989,"w":835,"h":986,"offX":112,"offY":0,"sourceW":1097,"sourceH":986},
"Clothes_016":{"x":1,"y":989,"w":835,"h":986,"offX":112,"offY":0,"sourceW":1097,"sourceH":986},
"Clothes_017":{"x":1,"y":989,"w":835,"h":986,"offX":112,"offY":0,"sourceW":1097,"sourceH":986},
"Clothes_018":{"x":732,"y":2965,"w":729,"h":986,"offX":112,"offY":0,"sourceW":1097,"sourceH":986},
"Clothes_019":{"x":732,"y":2965,"w":729,"h":986,"offX":112,"offY":0,"sourceW":1097,"sourceH":986},
"Clothes_020":{"x":732,"y":2965,"w":729,"h":986,"offX":112,"offY":0,"sourceW":1097,"sourceH":986},
"Clothes_021":{"x":732,"y":1977,"w":729,"h":986,"offX":112,"offY":0,"sourceW":1097,"sourceH":986},
"Clothes_022":{"x":732,"y":1977,"w":729,"h":986,"offX":112,"offY":0,"sourceW":1097,"sourceH":986},
"Clothes_023":{"x":732,"y":1977,"w":729,"h":986,"offX":112,"offY":0,"sourceW":1097,"sourceH":986}}}