{"file":"Headband.png","frames":{
"Headband_000":{"x":1,"y":267,"w":359,"h":113,"offX":2,"offY":23,"sourceW":361,"sourceH":136},
"Headband_001":{"x":1,"y":267,"w":359,"h":113,"offX":2,"offY":23,"sourceW":361,"sourceH":136},
"Headband_002":{"x":1,"y":267,"w":359,"h":113,"offX":2,"offY":23,"sourceW":361,"sourceH":136},
"Headband_003":{"x":1,"y":139,"w":358,"h":126,"offX":3,"offY":10,"sourceW":361,"sourceH":136},
"Headband_004":{"x":1,"y":139,"w":358,"h":126,"offX":3,"offY":10,"sourceW":361,"sourceH":136},
"Headband_005":{"x":1,"y":139,"w":358,"h":126,"offX":3,"offY":10,"sourceW":361,"sourceH":136},
"Headband_006":{"x":1,"y":1,"w":357,"h":136,"offX":0,"offY":0,"sourceW":361,"sourceH":136},
"Headband_007":{"x":1,"y":1,"w":357,"h":136,"offX":0,"offY":0,"sourceW":361,"sourceH":136},
"Headband_008":{"x":1,"y":1,"w":357,"h":136,"offX":0,"offY":0,"sourceW":361,"sourceH":136},
"Headband_009":{"x":1,"y":139,"w":358,"h":126,"offX":3,"offY":10,"sourceW":361,"sourceH":136},
"Headband_010":{"x":1,"y":139,"w":358,"h":126,"offX":3,"offY":10,"sourceW":361,"sourceH":136},
"Headband_011":{"x":1,"y":139,"w":358,"h":126,"offX":3,"offY":10,"sourceW":361,"sourceH":136}}}