{"file":"ball.png","frames":{
"ball_002":{"x":325,"y":282,"w":157,"h":274,"offX":32,"offY":44,"sourceW":221,"sourceH":326},
"ball_003":{"x":321,"y":558,"w":156,"h":252,"offX":33,"offY":64,"sourceW":221,"sourceH":326},
"ball_004":{"x":159,"y":561,"w":156,"h":219,"offX":34,"offY":93,"sourceW":221,"sourceH":326},
"ball_005":{"x":1,"y":785,"w":166,"h":164,"offX":29,"offY":145,"sourceW":221,"sourceH":326},
"ball_006":{"x":1,"y":551,"w":156,"h":232,"offX":32,"offY":80,"sourceW":221,"sourceH":326},
"ball_007":{"x":1,"y":294,"w":153,"h":255,"offX":32,"offY":59,"sourceW":221,"sourceH":326},
"ball_008":{"x":163,"y":290,"w":156,"h":269,"offX":32,"offY":48,"sourceW":221,"sourceH":326},
"ball_009":{"x":325,"y":1,"w":158,"h":279,"offX":32,"offY":39,"sourceW":221,"sourceH":326},
"ball_010":{"x":1,"y":1,"w":160,"h":291,"offX":32,"offY":29,"sourceW":221,"sourceH":326},
"ball_011":{"x":169,"y":812,"w":156,"h":156,"offX":32,"offY":20,"sourceW":221,"sourceH":326},
"ball_012":{"x":327,"y":812,"w":156,"h":156,"offX":32,"offY":28,"sourceW":221,"sourceH":326},
"ball_000":{"x":327,"y":812,"w":156,"h":156,"offX":32,"offY":28,"sourceW":221,"sourceH":326},
"ball_001":{"x":163,"y":1,"w":160,"h":287,"offX":31,"offY":32,"sourceW":221,"sourceH":326}}}