{"file":"noise.png","frames":{
"noise_004":{"x":1,"y":655,"w":357,"h":326,"offX":15,"offY":0,"sourceW":381,"sourceH":326},
"noise_005":{"x":1,"y":655,"w":357,"h":326,"offX":15,"offY":0,"sourceW":381,"sourceH":326},
"noise_006":{"x":1,"y":1,"w":381,"h":324,"offX":0,"offY":0,"sourceW":381,"sourceH":326},
"noise_007":{"x":384,"y":1,"w":381,"h":324,"offX":0,"offY":0,"sourceW":381,"sourceH":326},
"noise_008":{"x":360,"y":327,"w":357,"h":326,"offX":15,"offY":0,"sourceW":381,"sourceH":326},
"noise_009":{"x":360,"y":655,"w":357,"h":326,"offX":15,"offY":0,"sourceW":381,"sourceH":326},
"noise_010":{"x":1,"y":327,"w":357,"h":326,"offX":15,"offY":0,"sourceW":381,"sourceH":326},
"noise_011":{"x":1,"y":655,"w":357,"h":326,"offX":15,"offY":0,"sourceW":381,"sourceH":326},
"noise_000":{"x":1,"y":655,"w":357,"h":326,"offX":15,"offY":0,"sourceW":381,"sourceH":326},
"noise_001":{"x":1,"y":655,"w":357,"h":326,"offX":15,"offY":0,"sourceW":381,"sourceH":326},
"noise_002":{"x":1,"y":655,"w":357,"h":326,"offX":15,"offY":0,"sourceW":381,"sourceH":326},
"noise_003":{"x":1,"y":655,"w":357,"h":326,"offX":15,"offY":0,"sourceW":381,"sourceH":326}}}