{"file":"bird_blue.png","frames":{
"bird_blue_000":{"x":1,"y":111,"w":100,"h":107,"offX":0,"offY":78,"sourceW":143,"sourceH":185},
"bird_blue_001":{"x":1,"y":111,"w":100,"h":107,"offX":0,"offY":78,"sourceW":143,"sourceH":185},
"bird_blue_002":{"x":1,"y":111,"w":100,"h":107,"offX":0,"offY":78,"sourceW":143,"sourceH":185},
"bird_blue_003":{"x":103,"y":111,"w":94,"h":107,"offX":16,"offY":64,"sourceW":143,"sourceH":185},
"bird_blue_004":{"x":103,"y":111,"w":94,"h":107,"offX":16,"offY":64,"sourceW":143,"sourceH":185},
"bird_blue_005":{"x":103,"y":111,"w":94,"h":107,"offX":16,"offY":64,"sourceW":143,"sourceH":185},
"bird_blue_006":{"x":1,"y":1,"w":100,"h":108,"offX":23,"offY":37,"sourceW":143,"sourceH":185},
"bird_blue_007":{"x":1,"y":1,"w":100,"h":108,"offX":23,"offY":37,"sourceW":143,"sourceH":185},
"bird_blue_008":{"x":1,"y":1,"w":100,"h":108,"offX":23,"offY":37,"sourceW":143,"sourceH":185},
"bird_blue_009":{"x":1,"y":220,"w":93,"h":107,"offX":50,"offY":0,"sourceW":143,"sourceH":185},
"bird_blue_010":{"x":1,"y":220,"w":93,"h":107,"offX":50,"offY":0,"sourceW":143,"sourceH":185},
"bird_blue_011":{"x":1,"y":220,"w":93,"h":107,"offX":50,"offY":0,"sourceW":143,"sourceH":185},
"bird_blue_012":{"x":103,"y":1,"w":100,"h":108,"offX":41,"offY":0,"sourceW":143,"sourceH":185},
"bird_blue_013":{"x":103,"y":1,"w":100,"h":108,"offX":41,"offY":0,"sourceW":143,"sourceH":185},
"bird_blue_014":{"x":103,"y":1,"w":100,"h":108,"offX":41,"offY":0,"sourceW":143,"sourceH":185},
"bird_blue_015":{"x":1,"y":220,"w":93,"h":107,"offX":50,"offY":0,"sourceW":143,"sourceH":185},
"bird_blue_016":{"x":1,"y":220,"w":93,"h":107,"offX":50,"offY":0,"sourceW":143,"sourceH":185},
"bird_blue_017":{"x":1,"y":220,"w":93,"h":107,"offX":50,"offY":0,"sourceW":143,"sourceH":185},
"bird_blue_018":{"x":103,"y":1,"w":100,"h":108,"offX":41,"offY":0,"sourceW":143,"sourceH":185},
"bird_blue_019":{"x":103,"y":1,"w":100,"h":108,"offX":41,"offY":0,"sourceW":143,"sourceH":185},
"bird_blue_020":{"x":103,"y":1,"w":100,"h":108,"offX":41,"offY":0,"sourceW":143,"sourceH":185},
"bird_blue_021":{"x":1,"y":220,"w":93,"h":107,"offX":50,"offY":0,"sourceW":143,"sourceH":185},
"bird_blue_022":{"x":1,"y":220,"w":93,"h":107,"offX":50,"offY":0,"sourceW":143,"sourceH":185},
"bird_blue_023":{"x":1,"y":220,"w":93,"h":107,"offX":50,"offY":0,"sourceW":143,"sourceH":185},
"bird_blue_024":{"x":103,"y":1,"w":100,"h":108,"offX":41,"offY":0,"sourceW":143,"sourceH":185},
"bird_blue_025":{"x":103,"y":1,"w":100,"h":108,"offX":41,"offY":0,"sourceW":143,"sourceH":185},
"bird_blue_026":{"x":103,"y":1,"w":100,"h":108,"offX":41,"offY":0,"sourceW":143,"sourceH":185},
"bird_blue_027":{"x":1,"y":220,"w":93,"h":107,"offX":50,"offY":0,"sourceW":143,"sourceH":185},
"bird_blue_028":{"x":1,"y":220,"w":93,"h":107,"offX":50,"offY":0,"sourceW":143,"sourceH":185},
"bird_blue_029":{"x":1,"y":220,"w":93,"h":107,"offX":50,"offY":0,"sourceW":143,"sourceH":185},
"bird_blue_030":{"x":1,"y":1,"w":100,"h":108,"offX":23,"offY":37,"sourceW":143,"sourceH":185},
"bird_blue_031":{"x":1,"y":1,"w":100,"h":108,"offX":23,"offY":37,"sourceW":143,"sourceH":185},
"bird_blue_032":{"x":1,"y":1,"w":100,"h":108,"offX":23,"offY":37,"sourceW":143,"sourceH":185},
"bird_blue_033":{"x":103,"y":111,"w":94,"h":107,"offX":16,"offY":64,"sourceW":143,"sourceH":185},
"bird_blue_034":{"x":103,"y":111,"w":94,"h":107,"offX":16,"offY":64,"sourceW":143,"sourceH":185},
"bird_blue_035":{"x":103,"y":111,"w":94,"h":107,"offX":16,"offY":64,"sourceW":143,"sourceH":185},
"bird_blue_036":{"x":1,"y":111,"w":100,"h":107,"offX":0,"offY":78,"sourceW":143,"sourceH":185},
"bird_blue_037":{"x":1,"y":111,"w":100,"h":107,"offX":0,"offY":78,"sourceW":143,"sourceH":185},
"bird_blue_038":{"x":1,"y":111,"w":100,"h":107,"offX":0,"offY":78,"sourceW":143,"sourceH":185}}}