{"file":"bird_yellow.png","frames":{
"bird_yellow_000":{"x":1,"y":82,"w":87,"h":78,"offX":33,"offY":67,"sourceW":120,"sourceH":145},
"bird_yellow_001":{"x":1,"y":82,"w":87,"h":78,"offX":33,"offY":67,"sourceW":120,"sourceH":145},
"bird_yellow_002":{"x":80,"y":162,"w":74,"h":78,"offX":24,"offY":46,"sourceW":120,"sourceH":145},
"bird_yellow_003":{"x":80,"y":162,"w":74,"h":78,"offX":24,"offY":46,"sourceW":120,"sourceH":145},
"bird_yellow_004":{"x":1,"y":1,"w":87,"h":79,"offX":13,"offY":28,"sourceW":120,"sourceH":145},
"bird_yellow_005":{"x":1,"y":1,"w":87,"h":79,"offX":13,"offY":28,"sourceW":120,"sourceH":145},
"bird_yellow_006":{"x":156,"y":162,"w":74,"h":78,"offX":3,"offY":1,"sourceW":120,"sourceH":145},
"bird_yellow_007":{"x":156,"y":162,"w":74,"h":78,"offX":3,"offY":1,"sourceW":120,"sourceH":145},
"bird_yellow_008":{"x":1,"y":162,"w":77,"h":79,"offX":0,"offY":1,"sourceW":120,"sourceH":145},
"bird_yellow_009":{"x":1,"y":162,"w":77,"h":79,"offX":0,"offY":1,"sourceW":120,"sourceH":145},
"bird_yellow_010":{"x":1,"y":162,"w":77,"h":79,"offX":0,"offY":1,"sourceW":120,"sourceH":145},
"bird_yellow_011":{"x":90,"y":1,"w":87,"h":79,"offX":1,"offY":1,"sourceW":120,"sourceH":145},
"bird_yellow_012":{"x":90,"y":1,"w":87,"h":79,"offX":1,"offY":1,"sourceW":120,"sourceH":145},
"bird_yellow_013":{"x":90,"y":1,"w":87,"h":79,"offX":1,"offY":1,"sourceW":120,"sourceH":145},
"bird_yellow_014":{"x":1,"y":162,"w":77,"h":79,"offX":0,"offY":1,"sourceW":120,"sourceH":145},
"bird_yellow_015":{"x":1,"y":162,"w":77,"h":79,"offX":0,"offY":1,"sourceW":120,"sourceH":145},
"bird_yellow_016":{"x":1,"y":162,"w":77,"h":79,"offX":0,"offY":1,"sourceW":120,"sourceH":145},
"bird_yellow_017":{"x":90,"y":1,"w":87,"h":79,"offX":1,"offY":1,"sourceW":120,"sourceH":145},
"bird_yellow_018":{"x":90,"y":1,"w":87,"h":79,"offX":1,"offY":1,"sourceW":120,"sourceH":145},
"bird_yellow_019":{"x":90,"y":1,"w":87,"h":79,"offX":1,"offY":1,"sourceW":120,"sourceH":145},
"bird_yellow_020":{"x":156,"y":162,"w":74,"h":78,"offX":3,"offY":1,"sourceW":120,"sourceH":145},
"bird_yellow_021":{"x":156,"y":162,"w":74,"h":78,"offX":3,"offY":1,"sourceW":120,"sourceH":145},
"bird_yellow_022":{"x":1,"y":1,"w":87,"h":79,"offX":13,"offY":28,"sourceW":120,"sourceH":145},
"bird_yellow_023":{"x":1,"y":1,"w":87,"h":79,"offX":13,"offY":28,"sourceW":120,"sourceH":145},
"bird_yellow_024":{"x":80,"y":162,"w":74,"h":78,"offX":24,"offY":46,"sourceW":120,"sourceH":145},
"bird_yellow_025":{"x":80,"y":162,"w":74,"h":78,"offX":24,"offY":46,"sourceW":120,"sourceH":145},
"bird_yellow_026":{"x":1,"y":82,"w":87,"h":78,"offX":33,"offY":67,"sourceW":120,"sourceH":145},
"bird_yellow_027":{"x":1,"y":82,"w":87,"h":78,"offX":33,"offY":67,"sourceW":120,"sourceH":145}}}