{"file":"hair.png","frames":{
"hair_000":{"x":486,"y":374,"w":468,"h":361,"offX":18,"offY":14,"sourceW":503,"sourceH":388},
"hair_001":{"x":486,"y":374,"w":468,"h":361,"offX":18,"offY":14,"sourceW":503,"sourceH":388},
"hair_002":{"x":486,"y":374,"w":468,"h":361,"offX":18,"offY":14,"sourceW":503,"sourceH":388},
"hair_003":{"x":486,"y":1,"w":484,"h":371,"offX":12,"offY":8,"sourceW":503,"sourceH":388},
"hair_004":{"x":486,"y":1,"w":484,"h":371,"offX":12,"offY":8,"sourceW":503,"sourceH":388},
"hair_005":{"x":486,"y":1,"w":484,"h":371,"offX":12,"offY":8,"sourceW":503,"sourceH":388},
"hair_006":{"x":1,"y":1,"w":483,"h":377,"offX":7,"offY":8,"sourceW":503,"sourceH":388},
"hair_007":{"x":1,"y":1,"w":483,"h":377,"offX":7,"offY":8,"sourceW":503,"sourceH":388},
"hair_008":{"x":1,"y":1,"w":483,"h":377,"offX":7,"offY":8,"sourceW":503,"sourceH":388},
"hair_009":{"x":486,"y":1,"w":484,"h":371,"offX":12,"offY":8,"sourceW":503,"sourceH":388},
"hair_010":{"x":486,"y":1,"w":484,"h":371,"offX":12,"offY":8,"sourceW":503,"sourceH":388},
"hair_011":{"x":486,"y":1,"w":484,"h":371,"offX":12,"offY":8,"sourceW":503,"sourceH":388}
}}