{"file":"hairbang.png","frames":{
"hairbang_000":{"x":1,"y":192,"w":245,"h":174,"offX":11,"offY":8,"sourceW":267,"sourceH":189},
"hairbang_001":{"x":1,"y":192,"w":245,"h":174,"offX":11,"offY":8,"sourceW":267,"sourceH":189},
"hairbang_002":{"x":1,"y":192,"w":245,"h":174,"offX":11,"offY":8,"sourceW":267,"sourceH":189},
"hairbang_003":{"x":1,"y":1,"w":267,"h":189,"offX":0,"offY":0,"sourceW":267,"sourceH":189},
"hairbang_004":{"x":1,"y":1,"w":267,"h":189,"offX":0,"offY":0,"sourceW":267,"sourceH":189},
"hairbang_005":{"x":1,"y":1,"w":267,"h":189,"offX":0,"offY":0,"sourceW":267,"sourceH":189}}}